student_name,board,total_marks
Opalina McNysche,ICSE,53
Ernesto Le Frank,ICSE,52
Robbi Buscher,ICSE,82
Pansie Dinwoodie,ICSE,71
Arlin Blakesley,ICSE,80
Kathrine Layus,ICSE,54
Bruce Franckton,ICSE,77
Ulick Soppitt,ICSE,26
Neill Bruggeman,ICSE,70
Fredelia Elliker,ICSE,51
Camella McCosker,ICSE,25
Karen Hulks,ICSE,62
Felipa Jordanson,ICSE,75
Wilma Benardet,ICSE,69
Francklyn Mowday,ICSE,26
Danyette Vitte,ICSE,30
Dacia Ricker,ICSE,27
Jakob Griffin,ICSE,96
Barny Glavis,ICSE,28
Cash Urquhart,ICSE,72
Corbie Postins,ICSE,82
Merrel D'Alwis,ICSE,51
Royal Sirmond,ICSE,51
Stacy Kopecka,ICSE,43
Leonore Blader,ICSE,81
Clayborne Duplan,ICSE,34
Celka Audrey,ICSE,56
Freedman Bradford,ICSE,31
Karylin Lawrenz,ICSE,54
Terry Morrill,ICSE,55
Aubree Windeatt,ICSE,66
Birgitta Fausset,ICSE,62
Page Klimke,ICSE,95
Matthieu Coots,ICSE,92
Joellen Delahunt,ICSE,94
Danyelle Dodswell,ICSE,84
Gert Van Der Walt,ICSE,43
Siffre Hutchens,ICSE,33
Irv Gateley,ICSE,65
Ned Glading,ICSE,82
Moritz Kidney,ICSE,74
Belva Tomaello,ICSE,35
Norton Corona,ICSE,97
Iver Rouch,ICSE,81
Savina Algie,ICSE,48
Dulcy McGaughie,ICSE,60
Carlina Nendick,ICSE,72
Tabbi Hale,ICSE,86
Karleen Bethune,ICSE,82
Florian Soanes,ICSE,79
Connor Pelfer,ICSE,76
Carmine Oakeshott,ICSE,50
Annora Jedrych,ICSE,64
Toddie Palke,ICSE,79
Kristyn Welford,ICSE,31
Nathalia Braine,ICSE,37
Archie Mulliss,ICSE,45
Aurel Speedin,ICSE,22
Veda Redemile,ICSE,96
Tiffy Busse,ICSE,35
Bertram Fery,ICSE,77
Lars Bennis,ICSE,69
Gustave Merriton,ICSE,45
Marcos Folini,ICSE,20
Maximo Mallabone,ICSE,45
Eustacia Downe,ICSE,65
Patrice Fake,ICSE,92
Elicia Cogley,ICSE,59
Allison Iglesias,ICSE,31
Tiffany Lummus,ICSE,92
Odella Challener,ICSE,68
Georgianne Cusworth,ICSE,89
Britney Atherley,ICSE,40
Almeta Paff,ICSE,49
Brigid Dunkley,ICSE,50
Diannne McClements,ICSE,57
Maximilianus Saterweyte,ICSE,22
Maurice Delgardillo,ICSE,86
Gusella Curm,ICSE,36
Meggi Dionisetti,ICSE,56
Koren Wildber,ICSE,64
Rog Slessor,ICSE,84
Riobard Delepine,ICSE,90
Devlin Cantua,ICSE,71
Armand Schoffler,ICSE,38
Cordelia Renvoise,ICSE,22
Chryste Le Grove,ICSE,78
Crosby Lippo,ICSE,83
Ralf Daybell,ICSE,89
Lorine Meakes,ICSE,30
Linnie Silkstone,ICSE,70
Luciana Perrycost,ICSE,90
Max D'Ambrogi,ICSE,50
Nickolas Esmonde,ICSE,31
Frederica Moulder,ICSE,33
Flori Easthope,ICSE,35
Dorry McCullough,ICSE,20
Alexi Larroway,ICSE,49
Samantha Berthomieu,ICSE,87
Catrina Murrigan,ICSE,83
Karine Cornewall,ICSE,46
Judith Rossetti,ICSE,74
Barnaby Vertey,ICSE,99
Debi Boden,ICSE,85
Francesco Saville,ICSE,29
Noni Mason,ICSE,42
Wayne Blackmuir,ICSE,54
Christine Cornau,ICSE,97
Cora Dacres,ICSE,84
Kynthia Dolby,ICSE,65
Gare Mc Giffin,ICSE,57
Bryan Keepe,ICSE,86
Camila Kestian,ICSE,83
Kiel Durber,ICSE,76
Boothe Sibbons,ICSE,63
Rouvin McGann,ICSE,61
Brandyn Premble,ICSE,88
Althea Nancekivell,ICSE,64
Nobe Ogley,ICSE,59
Ann Downage,ICSE,46
Jenny Rosenbusch,ICSE,39
Arlan Gullberg,ICSE,40
Larisa Abisetti,ICSE,49
Austin Topliss,ICSE,81
Jedidiah Rowbotham,ICSE,37
Susanna Verheijden,ICSE,64
Kippy Boffin,ICSE,76
Dorise Vany,ICSE,37
Yance Stuther,ICSE,38
Nonnah Schwerin,ICSE,60
Sena Jamary,ICSE,35
Marthena Ripping,ICSE,39
Tremaine Noir,ICSE,26
Sileas Pikesley,ICSE,32
Nara Huller,ICSE,48
Abbot Breede,ICSE,37
Kiri Birdall,ICSE,94
Alf Jilliss,ICSE,98
Bibbie Dade,ICSE,90
Brooks Christescu,ICSE,77
Yvonne Favey,ICSE,81
Mellie Piggott,ICSE,66
Abeu Aldersea,ICSE,35
Jack Caltera,ICSE,47
Dix Briand,ICSE,68
Diann Leil,ICSE,74
Odey Schlag,ICSE,28
Annamarie Liddiard,ICSE,99
Pepito Ubanks,ICSE,60
Bernardo Roset,ICSE,59
Shay Kalker,ICSE,82
Danna Caskie,ICSE,26
Ryun Sansom,ICSE,69
Rebbecca Rannald,ICSE,50
Dionysus Achurch,ICSE,81
Franny Sweet,ICSE,28
Gilligan Passingham,ICSE,47
Tadio Stoves,ICSE,51
Eduardo Nodin,ICSE,77
Perry Colbeck,ICSE,26
Ddene Antonellini,ICSE,96
Don Soares,ICSE,37
Marnia Braidwood,ICSE,91
Clayton Pallin,ICSE,68
Urban Jeffray,ICSE,98
Moritz Lidgertwood,ICSE,48
Dita Dongall,ICSE,50
Kakalina Frounks,ICSE,48
Harlin Conen,ICSE,66
Doralia Powles,ICSE,67
Gert Christmas,ICSE,41
Riannon Tedridge,ICSE,63
Corenda Kettlewell,ICSE,78
Madelena Emmot,ICSE,96
Adamo Westwick,ICSE,39
Zondra Stooke,ICSE,89
Joceline Simmings,ICSE,26
Charlie Mac,ICSE,93
Webster Vasilchenko,ICSE,78
Simon Jentzsch,ICSE,99
Jesus Chesters,ICSE,86
Catie Worts,ICSE,48
Boote Yakovliv,ICSE,92
Giffy Greatbach,ICSE,78
Hersch Secret,ICSE,22
Arly Dunleavy,ICSE,76
Cecilio Hause,ICSE,73
Nerissa Tuttle,ICSE,76
Matthaeus Massard,ICSE,86
Viviene Maris,ICSE,81
Marcello Skingle,ICSE,41
Glenn Bryett,ICSE,47
Mordy Kores,ICSE,57
Cindi Kraut,ICSE,60
Haroun Tisor,ICSE,25
Catharina Robker,ICSE,27
Moishe Quinnelly,ICSE,52
Alphonso Dwelley,ICSE,69
Tonye Einchcombe,ICSE,81
Andriette Figgess,ICSE,88
Rikki Suarez,ICSE,64
Fleur Reightley,ICSE,30
Lamont Piesing,ICSE,57
Jillian Denmead,ICSE,44
Brant Ghiroldi,ICSE,61
Milzie Ramberg,ICSE,84
Foss Clarke,ICSE,42
Hort Celier,ICSE,44
Phillis Shalcros,ICSE,72
Francene Elcombe,ICSE,29
Pavel Allum,ICSE,83
Kailey Esley,ICSE,63
Jodi Milius,ICSE,93
Kaye MacKaile,ICSE,92
Katheryn Raynor,ICSE,59
Cheslie Epps,ICSE,54
Tammara Funnell,ICSE,99
Cyrill Winyard,ICSE,27
Gav Gerardet,ICSE,42
Dotti Edmons,ICSE,41
Lolita MacKibbon,ICSE,53
Brenda Davion,ICSE,91
Rusty Naughton,ICSE,28
Ciel Jiroutek,ICSE,35
Hetti O'Lagene,ICSE,71
Natalya Makin,ICSE,41
Jamesy Shirrell,ICSE,26
Izabel Tellenbrok,ICSE,39
Perla Palombi,ICSE,60
Henriette McElane,ICSE,76
Audrey Cantrell,ICSE,27
Lanae Creber,ICSE,59
Lise Seivertsen,ICSE,73
Jocelyn Savery,ICSE,95
Hartwell Stedall,ICSE,63
Alexandrina Cissell,ICSE,64
Mel Ruppertz,ICSE,81
Wendel Godball,ICSE,60
Lew Dobbinson,ICSE,100
Sonni O'Cosgra,ICSE,94
Kayle Robiou,ICSE,78
Papageno Sainsberry,ICSE,24
Dehlia Kingzet,ICSE,24
Anne-corinne Allsep,ICSE,68
Tyler Hacard,ICSE,33
Emmye Lowten,ICSE,55
Mick Lacknor,ICSE,95
Eleni Strafen,ICSE,32
Carly West-Frimley,ICSE,68
Adriane Laise,ICSE,27
Ricky Craxford,ICSE,100
Isabeau Gercken,ICSE,54
Damon Pieter,ICSE,64
Maria Boscher,ICSE,53
Hanson Clancy,ICSE,86
Trenna Heffernon,ICSE,78
Mahalia Pentony,ICSE,35
Celine Dooler,ICSE,70
Cordy Tirkin,ICSE,23
Nicolais Bastock,ICSE,56
Uriel Cassell,ICSE,71
Rana Fruen,ICSE,61
Jonis Riddiford,ICSE,48
Morissa Kingswold,ICSE,59
Moss Tregonna,ICSE,64
Adele Hankey,ICSE,90
Guthry Bottelstone,ICSE,78
Marcile Scrancher,ICSE,49
Joane Pleat,ICSE,55
Britte Pinchin,ICSE,22
Fanechka O'Hara,ICSE,51
Lisette Daniely,ICSE,35
Bea Gabits,ICSE,73
Agretha Ubanks,ICSE,20
Jeni Wyldbore,ICSE,25
Eleanor Oag,ICSE,21
Muriel Adamiec,ICSE,40
Winni Ballister,ICSE,26
Diana O'Hearn,ICSE,93
Tully Duffie,ICSE,85
Babara Luckes,ICSE,61
Lotte Elfes,ICSE,23
Almeda Goublier,ICSE,41
Jennie Sawrey,ICSE,72
Dix Sarfas,ICSE,29
Hinze Crosen,ICSE,54
Krista Ivashin,ICSE,61
Loise Aggas,ICSE,95
Ric Caldroni,ICSE,74
Freeman Huard,ICSE,22
Shina Deaton,ICSE,25
Herman Chazerand,ICSE,55
Portia Mapledoram,ICSE,79
Huntley Meneux,ICSE,42
Martainn Yusupov,ICSE,65
Jacinta Inold,ICSE,44
Alison Prowse,ICSE,26
Lucille Ellsbury,ICSE,46
Georgette Brockton,ICSE,46
Erek Serjeantson,ICSE,32
Ephraim Scaysbrook,ICSE,93
Maribel Gold,ICSE,38
Joan Standidge,ICSE,39
Kaleena Gilhespy,ICSE,80
Eliot Siccombe,ICSE,53
Codi Silverman,ICSE,45
Tad Blaskett,ICSE,71
Caren Alejandro,ICSE,100
Ransell Wheatcroft,ICSE,89
Urson Markel,ICSE,87
Fulton Gooderridge,ICSE,68
Colin Ganiclef,ICSE,58
Mal Ferrulli,ICSE,41
Roldan Aidler,ICSE,58
Alison Afonso,ICSE,44
Jarrett Duggary,ICSE,78
Jordan Barnhill,ICSE,92
Prinz Kennham,ICSE,77
Hinda Burstow,ICSE,74
Tadeo Ebbs,ICSE,71
Ryan Collett,ICSE,68
Nicolas Eddoes,ICSE,36
Marchall Rollins,ICSE,91
Dre Lindell,ICSE,88
Gamaliel Kingzet,ICSE,92
Bryant Wasselin,ICSE,35
Sydney Danis,ICSE,95
Ernesto Nicholls,ICSE,50
Janaya Adran,ICSE,28
Giorgi Hackworth,ICSE,86
Betteanne Sheers,ICSE,59
Ivie Farnaby,ICSE,100
Briano Pethrick,ICSE,98
Diarmid Salasar,ICSE,50
Evvie Oxburgh,ICSE,69
Lelah Walden,ICSE,72
Kleon De Pietri,ICSE,37
Gabi Deekes,ICSE,80
Nikoletta Polamontayne,ICSE,82
Marybelle Farlamb,ICSE,22
Marylou Comley,ICSE,81
Evie Drought,ICSE,27
Fianna Di Angelo,ICSE,20
Renado Beevis,ICSE,24
Donia Kreber,ICSE,45
Lexi Bennion,ICSE,83
Findley Fligg,ICSE,93
Aurilia Birkenhead,ICSE,92
Caria Mapstone,ICSE,34
Lyn Whiten,ICSE,97
Mirelle McDoual,ICSE,27
Findley Gowen,ICSE,49
Darb MacDonald,ICSE,66
Bernardo Barlow,ICSE,39
Cleavland McLice,ICSE,63
Adan Larrat,ICSE,33
Dorette Bracken,ICSE,83
Maggi McLauchlin,ICSE,83
Elfrida Beakes,ICSE,89
Dalis Clears,ICSE,74
Sydney Tolemache,ICSE,63
Kimberlee Moyes,ICSE,36
Jobina Mowen,ICSE,54
Marie-jeanne Wilkenson,ICSE,46
Imogene Ginley,ICSE,82
Mac Deetlefs,ICSE,98
Lorilee Devonport,ICSE,66
Madelina Roskelly,ICSE,95
Octavia Peare,ICSE,33
Clarine Polotti,ICSE,68
Reese Gosdin,ICSE,37
Maia Bradborne,ICSE,20
Camey Kasting,ICSE,55
Garrett Crockford,ICSE,85
Weylin Greson,ICSE,61
Norean Sabben,ICSE,93
Bruis Worrall,ICSE,29
Tallie Heaker,ICSE,55
Jecho Ensley,ICSE,73
Duke Heinecke,ICSE,63
Magdalen Orgill,ICSE,37
Michale Bogie,ICSE,46
Jazmin Goch,ICSE,46
Chrysa Horsell,ICSE,61
Ernst Steuhlmeyer,ICSE,69
Analiese Pren,ICSE,31
Laural Tyce,ICSE,66
Brigitta Blumfield,ICSE,91
Dominica Treher,ICSE,28
Everard MacVean,ICSE,95
Carmella Bahlmann,ICSE,83
Constantina McGiff,ICSE,91
Wright Odgers,ICSE,50
Del Cafe,ICSE,100
Willamina Abrashkov,ICSE,94
Ebonee Belson,ICSE,73
Kora Bengtsson,ICSE,35
Rene Barreau,ICSE,22
Kris Mattityahou,ICSE,23
Patty Vlasyev,ICSE,64
Jandy Esson,ICSE,82
Lotte Mackney,ICSE,20
Nancie Rakes,ICSE,94
Barnabe Tatlowe,ICSE,99
Bobbye Sarrell,ICSE,39
Bryn Bass,ICSE,49
Claudette Brompton,ICSE,91
Patricio Ezele,ICSE,80
Madelene Keitley,ICSE,62
Eduino Fossey,ICSE,74
Mackenzie Stollard,ICSE,66
Barret Thraves,ICSE,52
Kale Coatts,ICSE,68
Curtis Youngman,ICSE,22
Margret Goundrill,ICSE,49
Magda Posner,ICSE,65
Trudi Ciccotti,ICSE,24
Florenza Braisby,ICSE,28
Merline Sallans,ICSE,97
Elysia Child,ICSE,86
Cathlene Fielders,ICSE,38
Kalli Swindell,ICSE,66
Thurston Symmons,ICSE,74
Minor Akehurst,ICSE,76
Pieter Brundall,ICSE,49
Vivyan Catcherside,ICSE,67
Salomo Sheivels,ICSE,87
Michelina Beare,ICSE,60
Bartram Melling,ICSE,24
Rogers Nusche,ICSE,27
Artemus Soper,ICSE,50
Vern Witherup,ICSE,21
Kathrine Weale,ICSE,23
Hew Hurle,ICSE,56
Christoph Gebuhr,ICSE,66
Glenden Goodsall,ICSE,70
Zared Sharply,ICSE,49
Marlee Choppen,ICSE,22
Guenevere Fontes,ICSE,47
Erek Fleury,ICSE,26
Manolo Adie,ICSE,89
Yoko Ransley,ICSE,73
Chane Kiddye,ICSE,96
Erinn Ahmad,ICSE,20
Timmy Parratt,ICSE,83
Codie Brampton,ICSE,47
Peter Pittway,ICSE,62
Lavinia Gath,ICSE,91
Phyllys Leroux,ICSE,42
Rachael Signoret,ICSE,41
Tabbie Burgane,ICSE,85
Courtenay Taunton.,ICSE,27
Sunny Draye,ICSE,81
Brunhilde Espley,ICSE,95
Trish Dessent,ICSE,88
Douglas Linny,ICSE,81
Starlene Nuton,ICSE,84
Idalina Pirozzi,ICSE,34
Orsola Torricina,ICSE,95
Levey Waddams,ICSE,98
Dunn Moring,ICSE,76
Kara-lynn Dunkerton,ICSE,96
Ibbie Stede,ICSE,72
Abeu Lillicrop,ICSE,95
Ardine Luckcock,ICSE,99
Amitie Beaufoy,ICSE,77
Heall Cotty,ICSE,76
Matty Dimbleby,ICSE,71
Engracia Elsmore,ICSE,48
Keir Abrahamoff,ICSE,59
Agatha Stranieri,ICSE,24
Hadrian Stoffers,ICSE,36
Ronni Trevillion,ICSE,61
Rhona O'Spillane,ICSE,84
Meggi Heymann,ICSE,39
Jayson Cordel,ICSE,61
Abbe Dowbiggin,ICSE,48
Janelle Lillywhite,ICSE,94
Corrianne Hould,ICSE,52
Morris Scudamore,ICSE,48
Gordan Gossart,ICSE,59
Thedric Levine,ICSE,57
Garreth Dinley,ICSE,59
Rutger Kloss,ICSE,98
Flossie Adamo,ICSE,51
Benedikt Simonnet,ICSE,84
Quint Sketh,ICSE,38
Matthaeus Crudginton,ICSE,74
Lorne Gronauer,ICSE,85
Rosemarie Driuzzi,ICSE,36
Wainwright Upston,ICSE,81
