student_name,board,total_marks
Barby Caves,State,98
Berty Bengough,State,81
Krisha Quadling,State,72
Anabel Needham,State,45
Merill Kleinstub,State,89
Shelia Worsnop,State,51
Valaria Gueny,State,98
Hart Lintin,State,25
Eilis Blaszczak,State,86
Antonetta Haynes,State,53
Guy Bourgour,State,27
Pandora Dearle,State,63
Benetta Ascraft,State,77
Adolpho Rentoul,State,72
Ailene Campos,State,21
Wiley Coldham,State,92
Rea Hackworthy,State,48
Dominik Lincke,State,57
Jarid Roblett,State,30
Marty Punshon,State,58
Reagan Beining,State,70
Layla Roddam,State,63
Hedvige Oglethorpe,State,85
Dollie Bodycombe,State,86
Donica Brandenburg,State,89
Husein O'Feeny,State,75
Andre Feehely,State,23
Keelia Boness,State,98
Megan Stranaghan,State,75
Loralyn Kincla,State,57
Annette Pelling,State,83
Reinwald Sketh,State,20
Cahra Shiel,State,55
Karoly Lorans,State,66
Josy Tonna,State,25
Neils Robilliard,State,40
Jordan Mulqueen,State,43
Muhammad Stove,State,62
Celene Winteringham,State,23
Aubrey Bailiss,State,76
Ashely Rosenfarb,State,77
Aggy Morgans,State,26
Arman Ferrige,State,86
Isabel Sperski,State,55
Sherwynd Morlon,State,94
Lodovico Walas,State,91
Fonz Di Biaggi,State,26
Susanetta Kenright,State,67
Tully Blaase,State,77
Ferdy Playfair,State,57
Constance De Filippo,State,85
Abbe Jelleman,State,41
Aurelie Brierton,State,83
Catie Scobie,State,57
Brandy Weinham,State,75
Saundra Silverwood,State,69
Amye Gloucester,State,54
Latrena Iczokvitz,State,75
Venus Rymill,State,33
Darnall Syphas,State,88
Osbourn Whoston,State,99
Jillayne Knath,State,90
Emanuel Pedrollo,State,29
Arleyne Jerrim,State,57
Mame Seeds,State,20
Stanleigh Thorald,State,82
Estevan Peppard,State,56
Corrianne Mirfin,State,69
Archibaldo Colkett,State,31
Ailee Braghini,State,83
Corri Deddum,State,61
Ber Siggs,State,33
Dian Danilishin,State,39
Marijn Gumley,State,96
Marcy Maureen,State,59
Tybie Leveret,State,84
Merrily Sefton,State,87
Elnar Thaine,State,54
Reilly Andraud,State,38
Kristen Trevers,State,81
Rhodie Valentino,State,95
Courtney Whiles,State,98
Krystalle Corking,State,99
Claudina Lawler,State,78
Nata Hubbert,State,65
Dodi Jossel,State,24
Eberto Parkes,State,47
Meta Morales,State,29
Gertrude Colquite,State,86
Francesca Geekin,State,38
Erroll Boagey,State,54
Hillel Coote,State,41
Jed Gwilt,State,45
Mercedes Spillman,State,82
Chloette Ingle,State,91
Sapphire Hallewell,State,66
Pryce Benwell,State,82
Brandy Holworth,State,76
Georgiana Bremond,State,33
Clarabelle Schwier,State,93
Abra Breckenridge,State,60
Myra Stentiford,State,82
Haley Hardacre,State,83
Monica Jeanet,State,49
Jemmie Gerardet,State,57
Cherrita Carlon,State,23
Kiah Elie,State,30
Nicolis Swalteridge,State,38
Lynnet Rosenfrucht,State,94
Kristin Parrington,State,97
Kimberley Kleis,State,83
Mano Rodgerson,State,49
Elena Syer,State,29
Kora Baish,State,67
Selie Biset,State,32
Ranee Erni,State,55
Shea Trude,State,100
Georgi Loren,State,75
Jerri Kennet,State,98
Joseito Pebworth,State,47
Darell Cabrer,State,25
Garrek Peacey,State,87
Hallsy Kinnane,State,66
Sal Vaar,State,93
Armin Royston,State,21
Dewitt Reppaport,State,57
Francis Bristo,State,59
Percy Allbut,State,89
Kipp Gregr,State,95
Euell Yeoman,State,67
Davine Epton,State,55
Ceil Meltetal,State,32
Zea Pragnell,State,84
Issy Scullard,State,22
Daphna Purrington,State,94
Ricki Scay,State,78
Chrotoem Chinge,State,36
Clemens Bowkett,State,77
Marybelle Corser,State,49
Margette Scarrott,State,59
Rickert Aynscombe,State,70
Cher Lauret,State,54
Laurent Sweeny,State,72
Ailsun Fittall,State,88
Mattheus Bengal,State,58
Hagen Locks,State,67
Jemimah Kilbride,State,25
Becki Somerton,State,56
Sammy Salisbury,State,89
Gilda Worwood,State,30
Kerwinn Sustin,State,38
Lucita Woolis,State,26
Kendre Wherrett,State,99
Catherin Baptist,State,75
Tammy Reedyhough,State,24
Lauralee Widd,State,22
Maxie Sanford,State,29
Aurie Bovis,State,79
Averell Lysons,State,35
Gard Flaverty,State,55
Gay Comizzoli,State,78
Cheri Litterick,State,88
Nonie Caldes,State,20
Gorden Dunhill,State,40
Basia Edland,State,95
Skippie Crighton,State,56
Alysia Gainor,State,68
Cariotta Lidgate,State,63
Shelley Malam,State,65
Beverlee Benedit,State,38
Ranique Gypps,State,83
Ephraim Delacourt,State,87
Teena Keyes,State,37
Sanders Scurrer,State,68
Nevsa Rallin,State,43
Agna Snow,State,75
Walt Battram,State,76
Bridgette Mac Giolla Pheadair,State,22
Brendon Shergold,State,90
Blakeley Simioli,State,39
Averil Goodbanne,State,96
Leshia Baxandall,State,66
Dunn Roden,State,79
Betta Baddow,State,47
Muffin Tulloch,State,39
Inna Maestro,State,94
Kimmi Bentke,State,79
Quillan Mooreed,State,20
Brandy Vellden,State,80
Juli Yewdall,State,46
Cary Cowe,State,21
Federico O'Doghesty,State,75
Kile Mellish,State,45
Jerome Hardes,State,57
Tabbatha Roswarn,State,32
Nikolia Bunyan,State,95
Mady Farrent,State,50
Cathyleen Emsden,State,98
Tannie Whitsun,State,26
Deloria Roscher,State,33
Michel Nelane,State,68
Padget Fattorini,State,92
Uriel Gilhespy,State,29
Axe MacQuist,State,81
Kamilah Medeway,State,42
Kimberli De Francisci,State,40
Carree Leversuch,State,91
Muriel Dunston,State,67
Fred Dunstan,State,98
Yancey Cowdry,State,49
Wadsworth Olyfat,State,97
Tabbatha Berndtsson,State,26
Marten Safell,State,66
Quint Vaughan-Hughes,State,100
Kimberlyn Lessmare,State,23
Julian Wonham,State,62
Denni Telling,State,92
Rana Wagner,State,65
Guntar Ryan,State,36
Bella Trusty,State,94
Osbourne Ticic,State,66
Lara Diego,State,77
Dan Ungaretti,State,72
Katine Iorio,State,57
Winifield Blofield,State,80
Benyamin Sandry,State,73
Bert Leele,State,51
Rhett Rugiero,State,97
Daryn Josefovic,State,41
Anastasie Mathevet,State,87
Bone Tutsell,State,64
Aloisia Cusiter,State,63
Lyndell Suddock,State,60
Jessee Hayhow,State,41
Roberta Ferrarello,State,36
Gale Gilliland,State,44
Cyril Manicom,State,46
Dominick Jeal,State,33
Loralee Pardon,State,92
Rafferty Chorlton,State,41
Rupert Prayer,State,33
Vida Mullord,State,95
Paulo Hurdiss,State,34
Algernon Kenneford,State,43
Arnaldo Lindroos,State,62
Irv Ridges,State,76
Ettie Dowzell,State,52
Kathleen Hallan,State,51
Marietta Fishburn,State,46
Patsy Sargant,State,85
Alvera de Clerc,State,89
Berna Dimmick,State,26
Barny Elia,State,38
Klarika Burker,State,69
Bel Effnert,State,61
Kerrin Petruska,State,31
Arliene Broadfield,State,23
Jerrilee Pridden,State,37
William Sanzio,State,60
Denni Grigorini,State,59
Randy Jackes,State,90
Jarred Covelle,State,53
Octavius Semon,State,89
Carling Yves,State,73
Frasquito Realph,State,99
Franchot Cradick,State,56
Wrennie Allmark,State,83
Hildegaard Haborn,State,69
Mia Moar,State,20
Buck Tooley,State,53
Sollie Tregunna,State,26
Vernon Ashcroft,State,64
Boot Coggles,State,98
Jaynell Borell,State,93
Forest Nottingham,State,91
Guillemette Jamblin,State,92
Jodi Lutas,State,87
Melanie Asquez,State,33
Howie Hovington,State,44
Nat McCarry,State,81
Nobie Tonnesen,State,97
Dorene Aers,State,21
Vivi Muffitt,State,62
Adda Pippin,State,56
Wain Rhyme,State,58
Naoma Peirone,State,86
Waite Sheehan,State,45
Merry Semiras,State,95
Carlynne Hurler,State,55
Florri Chardin,State,67
Davita Dearlove,State,82
Felisha Romanini,State,97
Merill De Brett,State,71
Clarice Roomes,State,23
Karilynn Larmouth,State,48
Ollie McFeat,State,43
Ramona Schirach,State,77
Lainey Castane,State,46
Tabbatha Idiens,State,20
Thomasine Larrie,State,67
Grove Maggs,State,25
Franny Perazzo,State,91
Patsy Caisley,State,32
Bobbie Hune,State,97
Hollie Dowtry,State,21
Germain Menendes,State,28
Donni Wedon,State,67
Hube Trevarthen,State,23
Bette Trustrie,State,41
Selinda Rielly,State,86
Leone Worsalls,State,52
Ashlin Dewi,State,22
Rowen Overlow,State,46
Chas Pelfer,State,79
Marilin Maymand,State,48
Christina Taill,State,94
Gay Saw,State,28
Hiram Mirralls,State,67
Andy Larter,State,59
Jeannie Voce,State,73
Jaynell Lathleiffure,State,38
Matthiew Elintune,State,62
Leontyne Mewett,State,49
Marylynne Nazair,State,21
Blondie Olekhov,State,36
Maryanna Dyche,State,66
Simone Vise,State,29
Neal Vinson,State,99
Svend Bruce,State,53
Gigi Kynston,State,46
Devland Klamman,State,36
Pierre Peat,State,52
Wynnie Surgeoner,State,39
Marve Oxe,State,38
Milzie Dodge,State,48
Erny McKall,State,68
Daffy Shatliff,State,65
Jenn Cumine,State,66
Maryrose Edgett,State,67
Gerrilee Cowle,State,85
Barrie Schenkel,State,95
Asa Seeks,State,77
Nancee Lembrick,State,69
Worth MacNeilly,State,21
Johna Bohling,State,51
Willie Molian,State,43
Vivyanne Valde,State,60
Nertie Seiffert,State,65
Angela Hughill,State,63
Debbie Self,State,60
Morry Tice,State,77
Yorke Beddoe,State,26
Reuben Cordeux,State,25
Susann Shiers,State,84
Yorke Anthona,State,52
Annamaria Breazeall,State,49
Tamma Carlens,State,41
Farrel Blakeston,State,81
Alexandro Benkin,State,39
Garrick Wyld,State,33
Beverlie Naulls,State,39
Octavius Scoble,State,21
Dolph Maciejewski,State,72
Raphael Wincom,State,25
Demetria Meekin,State,76
Gwenny Whelpdale,State,77
Rooney Gooderson,State,61
Nobe Keppe,State,33
Emory Extall,State,31
Adiana Ashbey,State,83
Tilda Drews,State,92
Jason Jull,State,60
Roley Dummer,State,20
Chrissie Hurling,State,26
Georgeanna Fabbro,State,54
Mickie Raynham,State,66
Netti Harlick,State,24
Arnoldo Peschke,State,72
Maximo Ponde,State,23
Bil Basili,State,48
Margette Pleat,State,23
Clement Macveigh,State,92
Mellisent Noonan,State,85
Karita Novacek,State,72
Rosaleen Greatorex,State,50
Ham Cockin,State,63
Ignace Bullant,State,21
Reider McCarthy,State,52
Devora Del Dello,State,43
Roxine Kingham,State,83
Madelaine Dudson,State,100
Englebert Talton,State,77
Anderson Summerell,State,47
Marcel Escale,State,66
Eberhard Blase,State,53
Tomaso Girardot,State,92
Emlynn Ruggier,State,51
Hestia Skinley,State,30
Ameline Mosdell,State,65
Leesa Elkins,State,48
Darill Gruszczak,State,93
Gracia Torbet,State,46
Maryrose Vanichkin,State,97
Nadya Mulcaster,State,32
Kaye Norrie,State,87
Anet Rumbellow,State,85
Tades Gunson,State,88
Valentia Hadgraft,State,88
Ibbie Longmate,State,52
Shandra Dumblton,State,100
Arleen Baltzar,State,53
Sibyl Gadsby,State,45
Dolley Charville,State,70
Iolande Browncey,State,53
Fred Broderick,State,62
Zabrina Teare,State,84
Gates Imlach,State,33
Klarika Attrill,State,54
Madelle Petlyura,State,62
Antonia Tew,State,40
Adena Krzyzaniak,State,85
Mada MacIver,State,81
Lilia Hovington,State,94
Valenka Witchell,State,53
Corella Gelletly,State,66
Allys Antczak,State,79
Wadsworth Mannagh,State,38
Goddart Mawd,State,59
Avictor Cassells,State,42
Lianna Mellanby,State,30
Anny Sommerly,State,94
Faustine Cobello,State,29
Gusty Paolicchi,State,66
Leandra Stallworth,State,45
Buiron Wadhams,State,27
Glynis Ferrandez,State,84
Roy Juzek,State,34
Cary Nelsen,State,95
Brenden Buffy,State,93
Betta Martt,State,20
Saxe Beresfore,State,44
Zack Treffrey,State,38
Farica Stephen,State,95
Jania Trays,State,31
Theresina McGrale,State,29
Sapphire Duiguid,State,78
Essy Stoakes,State,99
Farrah Feltham,State,98
Waylen Philips,State,48
Sabina Luard,State,47
Raimondo Ricold,State,57
Rorie Petken,State,50
Artie Simnett,State,99
Reider Franke,State,74
Corabelle Pourvoieur,State,71
Cristie Pisco,State,67
Terese Mussington,State,70
Philippine Lowder,State,65
Delaney Crutch,State,87
Ferrel Shewsmith,State,88
Ginger Hursey,State,51
Therese MacCard,State,83
Zarah Fayers,State,23
Tanitansy Campes,State,75
Shep O'Flaherty,State,67
Devlin McCourtie,State,46
Ellerey Baythrop,State,44
Jane O'Canavan,State,71
Octavius Sharram,State,56
Donn Playford,State,90
Nikoletta Coie,State,87
Antonius Grinnell,State,69
Malissia Treend,State,20
Liane Romanet,State,47
Mavra Obispo,State,70
Dorthea Taffrey,State,89
Roscoe Fancutt,State,23
Rick Croan,State,85
Leda Siccombe,State,37
Corissa Kleinber,State,90
Win Petrushkevich,State,60
Allan Sibille,State,47
Robinett Incogna,State,89
Evaleen Kobes,State,55
Worden Deadman,State,60
Tallia Broske,State,41
Georgianna Avieson,State,73
Etheline McGing,State,97
Liv Feighry,State,77
Angelina Daykin,State,62
Ernst Reeds,State,22
